Codi_Districte,Any,pob_total,pob_65mas,pob_joven,pct_mayores,pct_joven
1,2010,104544.0,16305.0,32659.0,15.6,31.2
1,2011,103455.0,15886.0,32341.0,15.4,31.3
1,2012,104260.0,15605.0,32471.0,15.0,31.1
1,2013,103193.0,15197.0,31723.0,14.7,30.7
1,2014,100571.0,14735.0,30622.0,14.7,30.4
1,2015,100035.0,14383.0,30454.0,14.4,30.4
1,2016,100263.0,14104.0,31052.0,14.1,31.0
1,2017,102045.0,13843.0,32494.0,13.6,31.8
1,2018,101930.0,13455.0,33106.0,13.2,32.5
1,2019,105608.0,13316.0,34762.0,12.6,32.9
1,2020,108114.0,13199.0,36179.0,12.2,33.5
1,2021,109542.0,13070.0,35922.0,11.9,32.8
1,2022,105907.0,12741.0,33764.0,12.0,31.9
1,2023,106332.0,12696.0,34322.0,11.9,32.3
1,2024,111023.0,12767.0,35978.0,11.5,32.4
2,2010,265348.0,57706.0,73780.0,21.7,27.8
2,2011,263916.0,57707.0,72454.0,21.9,27.5
2,2012,265209.0,57843.0,72192.0,21.8,27.2
2,2013,264579.0,57800.0,71186.0,21.8,26.9
2,2014,263202.0,57990.0,69888.0,22.0,26.6
2,2015,263191.0,58343.0,69691.0,22.2,26.5
2,2016,264185.0,58477.0,70534.0,22.1,26.7
2,2017,266880.0,58587.0,72321.0,22.0,27.1
2,2018,266512.0,58670.0,73193.0,22.0,27.5
2,2019,268825.0,58738.0,74489.0,21.8,27.7
2,2020,270424.0,58936.0,75638.0,21.8,28.0
2,2021,269014.0,58357.0,74459.0,21.7,27.7
2,2022,266524.0,58246.0,73356.0,21.9,27.5
2,2023,268503.0,58430.0,74325.0,21.8,27.7
2,2024,274318.0,59356.0,75511.0,21.6,27.5
3,2010,182709.0,35128.0,53739.0,19.2,29.4
3,2011,182456.0,35286.0,52963.0,19.3,29.0
3,2012,183685.0,35462.0,52809.0,19.3,28.7
3,2013,182484.0,35706.0,51367.0,19.6,28.1
3,2014,180544.0,36027.0,49819.0,20.0,27.6
3,2015,180557.0,36373.0,49218.0,20.1,27.3
3,2016,180930.0,36449.0,49442.0,20.1,27.3
3,2017,182115.0,36585.0,50118.0,20.1,27.5
3,2018,181953.0,36653.0,50413.0,20.1,27.7
3,2019,185220.0,36849.0,51777.0,19.9,28.0
3,2020,187345.0,37060.0,52852.0,19.8,28.2
3,2021,186746.0,36999.0,51907.0,19.8,27.8
3,2022,183501.0,37044.0,50385.0,20.2,27.5
3,2023,185715.0,37491.0,51625.0,20.2,27.8
3,2024,191108.0,37949.0,53675.0,19.9,28.1
4,2010,82630.0,18014.0,24236.0,21.8,29.3
4,2011,82195.0,18391.0,23725.0,22.4,28.9
4,2012,82235.0,18919.0,23365.0,23.0,28.4
4,2013,81564.0,19232.0,22824.0,23.6,28.0
4,2014,81060.0,19718.0,22335.0,24.3,27.6
4,2015,81391.0,20148.0,22448.0,24.8,27.6
4,2016,81570.0,20544.0,22407.0,25.2,27.5
4,2017,82058.0,20800.0,22665.0,25.3,27.6
4,2018,82051.0,21062.0,22851.0,25.7,27.8
4,2019,82461.0,21315.0,22966.0,25.8,27.9
4,2020,82500.0,21509.0,23041.0,26.1,27.9
4,2021,81469.0,21552.0,22556.0,26.5,27.7
4,2022,80964.0,21636.0,22339.0,26.7,27.6
4,2023,82054.0,21824.0,22980.0,26.6,28.0
4,2024,83435.0,22031.0,23732.0,26.4,28.4
5,2010,144301.0,29837.0,45941.0,20.7,31.8
5,2011,144155.0,30194.0,45823.0,20.9,31.8
5,2012,145061.0,30659.0,45941.0,21.1,31.7
5,2013,145298.0,30843.0,46127.0,21.2,31.7
5,2014,145557.0,31202.0,46382.0,21.4,31.9
5,2015,146616.0,31527.0,46933.0,21.5,32.0
5,2016,147936.0,31765.0,47637.0,21.5,32.2
5,2017,149526.0,31842.0,48815.0,21.3,32.6
5,2018,149633.0,31949.0,49201.0,21.4,32.9
5,2019,150270.0,32219.0,49503.0,21.4,32.9
5,2020,150990.0,32356.0,49969.0,21.4,33.1
5,2021,149007.0,32107.0,49080.0,21.5,32.9
5,2022,148000.0,32251.0,48431.0,21.8,32.7
5,2023,149628.0,32513.0,49139.0,21.7,32.8
5,2024,151698.0,32805.0,49729.0,21.6,32.8
6,2010,122781.0,25332.0,34415.0,20.6,28.0
6,2011,121303.0,25406.0,33511.0,20.9,27.6
6,2012,121634.0,25539.0,33165.0,21.0,27.3
6,2013,120801.0,25693.0,32321.0,21.3,26.8
6,2014,120123.0,25873.0,31805.0,21.5,26.5
6,2015,120236.0,26062.0,31824.0,21.7,26.5
6,2016,120900.0,26225.0,32190.0,21.7,26.6
6,2017,121579.0,26287.0,32740.0,21.6,26.9
6,2018,121605.0,26246.0,33086.0,21.6,27.2
6,2019,122862.0,26211.0,33921.0,21.3,27.6
6,2020,123661.0,26476.0,34341.0,21.4,27.8
6,2021,123085.0,26185.0,33965.0,21.3,27.6
6,2022,121721.0,26123.0,33303.0,21.5,27.4
6,2023,122783.0,26201.0,34144.0,21.3,27.8
6,2024,125621.0,26439.0,35111.0,21.0,27.9
7,2010,170479.0,37989.0,47439.0,22.3,27.8
7,2011,169495.0,38502.0,46506.0,22.7,27.4
7,2012,168720.0,38924.0,45607.0,23.1,27.0
7,2013,167531.0,39196.0,44805.0,23.4,26.7
7,2014,166645.0,39660.0,44256.0,23.8,26.6
7,2015,166259.0,39997.0,44005.0,24.1,26.5
7,2016,167117.0,40029.0,44350.0,24.0,26.5
7,2017,168704.0,40051.0,45223.0,23.7,26.8
7,2018,169790.0,40046.0,45880.0,23.6,27.0
7,2019,172015.0,40088.0,47046.0,23.3,27.3
7,2020,174351.0,40175.0,48039.0,23.0,27.6
7,2021,173701.0,39525.0,47635.0,22.8,27.4
7,2022,171809.0,39352.0,46847.0,22.9,27.3
7,2023,175282.0,39488.0,48511.0,22.5,27.7
7,2024,179891.0,39920.0,50240.0,22.2,27.9
8,2010,167826.0,37601.0,48823.0,22.4,29.1
8,2011,167360.0,38120.0,47895.0,22.8,28.6
8,2012,167074.0,38385.0,47191.0,23.0,28.2
8,2013,165582.0,38702.0,46054.0,23.4,27.8
8,2014,164280.0,39049.0,45420.0,23.8,27.6
8,2015,164408.0,39186.0,45352.0,23.8,27.6
8,2016,164727.0,39079.0,45630.0,23.7,27.7
8,2017,166580.0,39030.0,46823.0,23.4,28.1
8,2018,168063.0,38758.0,47973.0,23.1,28.5
8,2019,171043.0,38607.0,49419.0,22.6,28.9
8,2020,173806.0,38592.0,50832.0,22.2,29.2
8,2021,173330.0,37986.0,50508.0,21.9,29.1
8,2022,170504.0,37644.0,49227.0,22.1,28.9
8,2023,173986.0,37573.0,51065.0,21.6,29.4
8,2024,179371.0,37938.0,53351.0,21.2,29.7
9,2010,146743.0,28143.0,42944.0,19.2,29.3
9,2011,147092.0,28681.0,42381.0,19.5,28.8
9,2012,147201.0,29218.0,41760.0,19.8,28.4
9,2013,146721.0,29781.0,41048.0,20.3,28.0
9,2014,145776.0,30625.0,40325.0,21.0,27.7
9,2015,146268.0,31264.0,40379.0,21.4,27.6
9,2016,146585.0,31606.0,40469.0,21.6,27.6
9,2017,147584.0,32003.0,40906.0,21.7,27.7
9,2018,148454.0,32279.0,41509.0,21.7,28.0
9,2019,150144.0,32576.0,42204.0,21.7,28.1
9,2020,151859.0,32804.0,42819.0,21.6,28.2
9,2021,151328.0,32720.0,42498.0,21.6,28.1
9,2022,149628.0,32953.0,41750.0,22.0,27.9
9,2023,151615.0,33338.0,42783.0,22.0,28.2
9,2024,155290.0,34027.0,44107.0,21.9,28.4
10,2010,229842.0,44162.0,67182.0,19.2,29.2
10,2011,230702.0,44756.0,66491.0,19.4,28.8
10,2012,232374.0,45361.0,66517.0,19.5,28.6
10,2013,232675.0,45901.0,65798.0,19.7,28.3
10,2014,232327.0,46602.0,64923.0,20.1,27.9
10,2015,233322.0,47184.0,64972.0,20.2,27.8
10,2016,233861.0,47434.0,65049.0,20.3,27.8
10,2017,235729.0,47767.0,66107.0,20.3,28.0
10,2018,236691.0,48061.0,67061.0,20.3,28.3
10,2019,239643.0,48607.0,67994.0,20.3,28.4
10,2020,241293.0,49005.0,68777.0,20.3,28.5
10,2021,240851.0,48873.0,68125.0,20.3,28.3
10,2022,239141.0,48906.0,67057.0,20.5,28.0
10,2023,242467.0,49447.0,68635.0,20.4,28.3
10,2024,248906.0,50525.0,70821.0,20.3,28.5
