Codi_Districte,Nom_Districte,Any,prestamos_presenciales,poblacion,pct_mayores,pct_joven,pct_extranjera,renta_per_capita,prestamos_per_capita,indice_base100,fondo_documental,oferta_per_capita,rotacion_fondo,ipc,renta_real
1,Ciutat Vella,2010,109276,104664,15.6,31.2,41.3,,1.04,24.3,264001,2.52,0.41,,
1,Ciutat Vella,2011,449563,103569,15.4,31.3,41.2,,4.34,100.0,216012,2.09,2.08,,
1,Ciutat Vella,2012,427758,104357,15.0,31.1,42.2,,4.1,95.1,234817,2.25,1.82,,
1,Ciutat Vella,2013,346104,103311,14.7,30.7,43.1,,3.35,77.0,242662,2.35,1.43,,
1,Ciutat Vella,2014,391455,100700,14.7,30.4,43.0,,3.89,87.1,251133,2.49,1.56,,
1,Ciutat Vella,2015,370390,100169,14.4,30.4,42.6,13831.0,3.7,82.4,256288,2.56,1.45,95.9,14422.0
1,Ciutat Vella,2016,326033,100373,14.1,31.0,43.2,14193.0,3.25,72.5,261327,2.6,1.25,95.7,14831.0
1,Ciutat Vella,2017,295995,102165,13.6,31.8,45.1,14751.0,2.9,65.8,258462,2.53,1.15,97.7,15098.0
1,Ciutat Vella,2018,273041,102047,13.2,32.5,46.3,15036.0,2.68,60.7,260515,2.55,1.05,99.3,15142.0
1,Ciutat Vella,2019,268114,105733,12.6,32.9,49.3,15665.0,2.54,59.6,242413,2.29,1.11,100.0,15665.0
1,Ciutat Vella,2020,137670,108248,12.2,33.5,51.5,14019.0,1.27,30.6,232939,2.15,0.59,99.7,14061.0
1,Ciutat Vella,2021,207248,109672,11.9,32.8,52.6,15382.0,1.89,46.1,223698,2.04,0.93,102.8,14963.0
1,Ciutat Vella,2022,212896,106028,12.0,31.9,51.8,16831.0,2.01,47.4,225971,2.13,0.94,111.4,15109.0
1,Ciutat Vella,2023,223083,106446,11.9,32.3,52.3,,2.1,49.6,222364,2.09,1.0,,
1,Ciutat Vella,2024,228064,111155,11.5,32.4,54.0,,2.05,50.7,197923,1.78,1.15,,
2,Eixample,2010,337596,265714,21.7,27.8,18.0,,1.27,30.0,302196,1.14,1.12,,
2,Eixample,2011,1126281,264296,21.9,27.5,17.8,,4.26,100.0,418681,1.58,2.69,,
2,Eixample,2012,997601,265593,21.8,27.2,18.2,,3.76,88.6,386993,1.46,2.58,,
2,Eixample,2013,707588,264967,21.8,26.9,18.6,,2.67,62.8,396197,1.5,1.79,,
2,Eixample,2014,910659,263564,22.0,26.6,18.5,,3.46,80.9,463490,1.76,1.96,,
2,Eixample,2015,693938,263557,22.2,26.5,18.2,23025.0,2.63,61.6,383706,1.46,1.81,95.9,24009.0
2,Eixample,2016,741483,264568,22.1,26.7,18.7,23900.0,2.8,65.8,393544,1.49,1.88,95.7,24974.0
2,Eixample,2017,749957,267270,22.0,27.1,20.2,24212.0,2.81,66.6,395953,1.48,1.89,97.7,24782.0
2,Eixample,2018,730682,266839,22.0,27.5,21.1,24418.0,2.74,64.9,406091,1.52,1.8,99.3,24590.0
2,Eixample,2019,730194,269173,21.8,27.7,22.9,25686.0,2.71,64.8,407392,1.51,1.79,100.0,25686.0
2,Eixample,2020,351076,270772,21.8,28.0,24.3,23751.0,1.3,31.2,386230,1.43,0.91,99.7,23822.0
2,Eixample,2021,599019,269349,21.7,27.7,25.3,24717.0,2.22,53.2,359100,1.33,1.67,102.8,24044.0
2,Eixample,2022,517771,266857,21.9,27.5,25.6,25994.0,1.94,46.0,358366,1.34,1.44,111.4,23334.0
2,Eixample,2023,657880,268824,21.8,27.7,27.1,,2.45,58.4,360202,1.34,1.83,,
2,Eixample,2024,665734,274636,21.6,27.5,28.9,,2.42,59.1,353089,1.29,1.89,,
3,Sants-Montjuïc,2010,157702,182977,19.2,29.4,19.8,,0.86,37.4,181343,0.99,0.87,,
3,Sants-Montjuïc,2011,421986,182733,19.3,29.0,19.8,,2.31,100.0,181182,0.99,2.33,,
3,Sants-Montjuïc,2012,376903,183970,19.3,28.7,20.2,,2.05,89.3,199316,1.08,1.89,,
3,Sants-Montjuïc,2013,315091,182741,19.6,28.1,20.1,,1.72,74.7,202774,1.11,1.55,,
3,Sants-Montjuïc,2014,351437,180833,20.0,27.6,19.4,,1.94,83.3,200368,1.11,1.75,,
3,Sants-Montjuïc,2015,350862,180813,20.1,27.3,18.5,17793.0,1.94,83.1,202188,1.12,1.74,95.9,18554.0
3,Sants-Montjuïc,2016,312872,181187,20.1,27.3,18.7,18023.0,1.73,74.1,206306,1.14,1.52,95.7,18833.0
3,Sants-Montjuïc,2017,303984,182381,20.1,27.5,19.7,18127.0,1.67,72.0,212143,1.16,1.43,97.7,18554.0
3,Sants-Montjuïc,2018,288267,182210,20.1,27.7,20.3,18459.0,1.58,68.3,215760,1.18,1.34,99.3,18589.0
3,Sants-Montjuïc,2019,265151,185481,19.9,28.0,22.3,19219.0,1.43,62.8,219300,1.18,1.21,100.0,19219.0
3,Sants-Montjuïc,2020,137227,187615,19.8,28.2,23.8,17983.0,0.73,32.5,216861,1.16,0.63,99.7,18037.0
3,Sants-Montjuïc,2021,239276,187026,19.8,27.8,24.4,19471.0,1.28,56.7,218490,1.17,1.1,102.8,18941.0
3,Sants-Montjuïc,2022,273893,183770,20.2,27.5,23.9,20357.0,1.49,64.9,216633,1.18,1.26,111.4,18274.0
3,Sants-Montjuïc,2023,294483,185963,20.2,27.8,25.1,,1.58,69.8,213962,1.15,1.38,,
3,Sants-Montjuïc,2024,325608,191391,19.9,28.1,27.0,,1.7,77.2,207927,1.09,1.57,,
4,Les Corts,2010,80468,82750,21.8,29.3,12.8,,0.97,37.6,126229,1.53,0.64,,
4,Les Corts,2011,214283,82337,22.4,28.9,12.5,,2.6,100.0,129103,1.57,1.66,,
4,Les Corts,2012,189963,82357,23.0,28.4,12.4,,2.31,88.7,135634,1.65,1.4,,
4,Les Corts,2013,160912,81711,23.6,28.0,11.9,,1.97,75.1,135283,1.66,1.19,,
4,Les Corts,2014,160857,81196,24.3,27.6,11.5,,1.98,75.1,123380,1.52,1.3,,
4,Les Corts,2015,119982,81529,24.8,27.6,11.0,26599.0,1.47,56.0,122079,1.5,0.98,95.9,27736.0
4,Les Corts,2016,138720,81708,25.2,27.5,11.2,28060.0,1.7,64.7,119609,1.46,1.16,95.7,29321.0
4,Les Corts,2017,110805,82201,25.3,27.6,12.1,28192.0,1.35,51.7,118096,1.44,0.94,97.7,28856.0
4,Les Corts,2018,178737,82182,25.7,27.8,12.6,28554.0,2.17,83.4,119851,1.46,1.49,99.3,28755.0
4,Les Corts,2019,193085,82591,25.8,27.9,13.6,30115.0,2.34,90.1,120156,1.45,1.61,100.0,30115.0
4,Les Corts,2020,95374,82635,26.1,27.9,14.5,27997.0,1.15,44.5,120655,1.46,0.79,99.7,28081.0
4,Les Corts,2021,175021,81576,26.5,27.7,14.8,28220.0,2.15,81.7,113940,1.4,1.54,102.8,27451.0
4,Les Corts,2022,197602,81074,26.7,27.6,14.7,29497.0,2.44,92.2,112738,1.39,1.75,111.4,26478.0
4,Les Corts,2023,184683,82154,26.6,28.0,16.5,,2.25,86.2,109302,1.33,1.69,,
4,Les Corts,2024,207192,83551,26.4,28.4,18.1,,2.48,96.7,110123,1.32,1.88,,
5,Sarrià-Sant Gervasi,2010,50040,144485,20.7,31.8,12.1,,0.35,32.4,81979,0.57,0.61,,
5,Sarrià-Sant Gervasi,2011,154322,144355,20.9,31.8,11.5,,1.07,100.0,80995,0.56,1.91,,
5,Sarrià-Sant Gervasi,2012,136558,145269,21.1,31.7,11.4,,0.94,88.5,87586,0.6,1.56,,
5,Sarrià-Sant Gervasi,2013,110240,145515,21.2,31.7,11.4,,0.76,71.4,89005,0.61,1.24,,
5,Sarrià-Sant Gervasi,2014,177943,145773,21.4,31.9,11.4,,1.22,115.3,131968,0.91,1.35,,
5,Sarrià-Sant Gervasi,2015,229752,146848,21.5,32.0,11.2,30223.0,1.56,148.9,136886,0.93,1.68,95.9,31515.0
5,Sarrià-Sant Gervasi,2016,206943,148172,21.5,32.2,11.2,32631.0,1.4,134.1,140299,0.95,1.48,95.7,34097.0
5,Sarrià-Sant Gervasi,2017,193604,149734,21.3,32.6,12.1,33831.0,1.29,125.5,142329,0.95,1.36,97.7,34627.0
5,Sarrià-Sant Gervasi,2018,184873,149837,21.4,32.9,12.4,34567.0,1.23,119.8,144386,0.96,1.28,99.3,34811.0
5,Sarrià-Sant Gervasi,2019,176180,150446,21.4,32.9,13.4,36880.0,1.17,114.2,140957,0.94,1.25,100.0,36880.0
5,Sarrià-Sant Gervasi,2020,87444,151157,21.4,33.1,14.2,33405.0,0.58,56.7,142152,0.94,0.62,99.7,33506.0
5,Sarrià-Sant Gervasi,2021,149436,149201,21.5,32.9,14.6,32955.0,1.0,96.8,144240,0.97,1.04,102.8,32057.0
5,Sarrià-Sant Gervasi,2022,159075,148201,21.8,32.7,14.8,35076.0,1.07,103.1,140424,0.95,1.13,111.4,31487.0
5,Sarrià-Sant Gervasi,2023,172876,149804,21.7,32.8,16.4,,1.15,112.0,139236,0.93,1.24,,
5,Sarrià-Sant Gervasi,2024,180361,151890,21.6,32.8,17.8,,1.19,116.9,132573,0.87,1.36,,
6,Gràcia,2010,177333,122978,20.6,28.0,16.5,,1.44,32.0,150514,1.22,1.18,,
6,Gràcia,2011,554443,121483,20.9,27.6,15.7,,4.56,100.0,190342,1.57,2.91,,
6,Gràcia,2012,537471,121831,21.0,27.3,15.8,,4.41,96.9,184594,1.52,2.91,,
6,Gràcia,2013,473691,120997,21.3,26.8,15.6,,3.91,85.4,188197,1.56,2.52,,
6,Gràcia,2014,505427,120283,21.5,26.5,15.4,,4.2,91.2,186394,1.55,2.71,,
6,Gràcia,2015,470755,120445,21.7,26.5,15.0,22169.0,3.91,84.9,191004,1.59,2.46,95.9,23117.0
6,Gràcia,2016,434571,121088,21.7,26.6,15.3,22863.0,3.59,78.4,191238,1.58,2.27,95.7,23890.0
6,Gràcia,2017,401028,121772,21.6,26.9,16.3,23048.0,3.29,72.3,195620,1.61,2.05,97.7,23591.0
6,Gràcia,2018,398393,121789,21.6,27.2,16.9,23410.0,3.27,71.9,198347,1.63,2.01,99.3,23575.0
6,Gràcia,2019,393742,123060,21.3,27.6,18.4,24683.0,3.2,71.0,199796,1.62,1.97,100.0,24683.0
6,Gràcia,2020,185066,123852,21.4,27.8,19.7,23096.0,1.49,33.4,198950,1.61,0.93,99.7,23165.0
6,Gràcia,2021,326235,123276,21.3,27.6,20.5,24212.0,2.65,58.8,196232,1.59,1.66,102.8,23553.0
6,Gràcia,2022,366896,121915,21.5,27.4,21.0,25269.0,3.01,66.2,195674,1.61,1.88,111.4,22683.0
6,Gràcia,2023,385144,122928,21.3,27.8,22.4,,3.13,69.5,198661,1.62,1.94,,
6,Gràcia,2024,398764,125787,21.0,27.9,24.1,,3.17,71.9,199257,1.58,2.0,,
7,Horta-Guinardó,2010,181576,170757,22.3,27.8,13.5,,1.06,35.7,248357,1.45,0.73,,
7,Horta-Guinardó,2011,508883,169764,22.7,27.4,13.2,,3.0,100.0,250149,1.47,2.03,,
7,Horta-Guinardó,2012,475338,168984,23.1,27.0,13.0,,2.81,93.4,273213,1.62,1.74,,
7,Horta-Guinardó,2013,392632,167800,23.4,26.7,12.9,,2.34,77.2,278712,1.66,1.41,,
7,Horta-Guinardó,2014,407197,166924,23.8,26.6,12.4,,2.44,80.0,317565,1.9,1.28,,
7,Horta-Guinardó,2015,368571,166530,24.1,26.5,11.5,18561.0,2.21,72.4,281309,1.69,1.31,95.9,19355.0
7,Horta-Guinardó,2016,367818,167390,24.0,26.5,11.7,18877.0,2.2,72.3,287406,1.72,1.28,95.7,19725.0
7,Horta-Guinardó,2017,340414,168981,23.7,26.8,12.6,18877.0,2.01,66.9,293685,1.74,1.16,97.7,19321.0
7,Horta-Guinardó,2018,340221,170053,23.6,27.0,13.4,19107.0,2.0,66.9,290374,1.71,1.17,99.3,19242.0
7,Horta-Guinardó,2019,324490,172266,23.3,27.3,15.0,19909.0,1.88,63.8,286434,1.66,1.13,100.0,19909.0
7,Horta-Guinardó,2020,156159,174598,23.0,27.6,16.6,18721.0,0.89,30.7,281407,1.61,0.55,99.7,18777.0
7,Horta-Guinardó,2021,267111,173944,22.8,27.4,17.2,19972.0,1.54,52.5,271321,1.56,0.98,102.8,19428.0
7,Horta-Guinardó,2022,319212,172109,22.9,27.3,17.0,20677.0,1.85,62.7,263318,1.53,1.21,111.4,18561.0
7,Horta-Guinardó,2023,330284,175550,22.5,27.7,18.7,,1.88,64.9,261167,1.49,1.26,,
7,Horta-Guinardó,2024,318158,180138,22.2,27.9,20.5,,1.77,62.5,252981,1.4,1.26,,
8,Nou Barris,2010,122774,168080,22.4,29.1,16.8,,0.73,30.4,188037,1.12,0.65,,
8,Nou Barris,2011,403438,167621,22.8,28.6,16.9,,2.41,100.0,306726,1.83,1.32,,
8,Nou Barris,2012,375175,167334,23.0,28.2,16.9,,2.24,93.0,230816,1.38,1.63,,
8,Nou Barris,2013,319379,165809,23.4,27.8,16.3,,1.93,79.2,235294,1.42,1.36,,
8,Nou Barris,2014,351637,164514,23.8,27.6,15.6,,2.14,87.2,242965,1.48,1.45,,
8,Nou Barris,2015,337201,164637,23.8,27.6,14.6,15204.0,2.05,83.6,250292,1.52,1.35,95.9,15854.0
8,Nou Barris,2016,307305,164971,23.7,27.7,14.7,15250.0,1.86,76.2,255527,1.55,1.2,95.7,15935.0
8,Nou Barris,2017,288764,166805,23.4,28.1,15.8,15231.0,1.73,71.6,255671,1.53,1.13,97.7,15590.0
8,Nou Barris,2018,259833,168327,23.1,28.5,16.9,15493.0,1.54,64.4,257403,1.53,1.01,99.3,15602.0
8,Nou Barris,2019,277132,171290,22.6,28.9,18.7,15955.0,1.62,68.7,251942,1.47,1.1,100.0,15955.0
8,Nou Barris,2020,143472,174012,22.2,29.2,20.3,14982.0,0.82,35.6,243188,1.4,0.59,99.7,15027.0
8,Nou Barris,2021,241317,173552,21.9,29.1,20.9,16291.0,1.39,59.8,229304,1.32,1.05,102.8,15847.0
8,Nou Barris,2022,267129,170736,22.1,28.9,19.9,16935.0,1.56,66.2,225726,1.32,1.18,111.4,15202.0
8,Nou Barris,2023,268585,174215,21.6,29.4,21.5,,1.54,66.6,226416,1.3,1.19,,
8,Nou Barris,2024,293847,179590,21.2,29.7,23.0,,1.64,72.8,221758,1.23,1.33,,
9,Sant Andreu,2010,166876,146988,19.2,29.3,13.9,,1.14,32.6,249564,1.7,0.67,,
9,Sant Andreu,2011,511870,147353,19.5,28.8,13.6,,3.47,100.0,249958,1.7,2.05,,
9,Sant Andreu,2012,527906,147397,19.8,28.4,13.4,,3.58,103.1,254615,1.73,2.07,,
9,Sant Andreu,2013,367833,146949,20.3,28.0,13.0,,2.5,71.9,247589,1.68,1.49,,
9,Sant Andreu,2014,392222,145998,21.0,27.7,12.1,,2.69,76.6,245862,1.68,1.6,,
9,Sant Andreu,2015,354918,146512,21.4,27.6,11.4,18424.0,2.42,69.3,253209,1.73,1.4,95.9,19212.0
9,Sant Andreu,2016,350687,146800,21.6,27.6,11.3,18681.0,2.39,68.5,259871,1.77,1.35,95.7,19520.0
9,Sant Andreu,2017,345831,147789,21.7,27.7,12.0,18623.0,2.34,67.6,264309,1.79,1.31,97.7,19061.0
9,Sant Andreu,2018,357803,148653,21.7,28.0,12.6,18927.0,2.41,69.9,267395,1.8,1.34,99.3,19060.0
9,Sant Andreu,2019,341527,150353,21.7,28.1,13.9,19651.0,2.27,66.7,266920,1.78,1.28,100.0,19651.0
9,Sant Andreu,2020,168176,152063,21.6,28.2,15.2,18496.0,1.11,32.9,266652,1.75,0.63,99.7,18552.0
9,Sant Andreu,2021,318447,151537,21.6,28.1,15.6,19947.0,2.1,62.2,252396,1.67,1.26,102.8,19404.0
9,Sant Andreu,2022,359891,149826,22.0,27.9,15.1,20514.0,2.4,70.3,247001,1.65,1.46,111.4,18415.0
9,Sant Andreu,2023,360231,151799,22.0,28.2,16.5,,2.37,70.4,247898,1.63,1.45,,
9,Sant Andreu,2024,350071,155470,21.9,28.4,18.2,,2.25,68.4,238876,1.54,1.47,,
10,Sant Martí,2010,145475,230220,19.2,29.2,15.7,,0.63,35.0,204778,0.89,0.71,,
10,Sant Martí,2011,415272,231078,19.4,28.8,15.6,,1.8,100.0,205981,0.89,2.02,,
10,Sant Martí,2012,406623,232738,19.5,28.6,15.8,,1.75,97.9,311960,1.34,1.3,,
10,Sant Martí,2013,475684,233035,19.7,28.3,15.9,,2.04,114.5,335585,1.44,1.42,,
10,Sant Martí,2014,590646,232665,20.1,27.9,15.6,,2.54,142.2,322288,1.39,1.83,,
10,Sant Martí,2015,598888,233660,20.2,27.8,15.1,18982.0,2.56,144.2,335527,1.44,1.78,95.9,19794.0
10,Sant Martí,2016,545512,234170,20.3,27.8,15.3,19303.0,2.33,131.4,346402,1.48,1.57,95.7,20170.0
10,Sant Martí,2017,502894,236039,20.3,28.0,16.5,19281.0,2.13,121.1,357564,1.51,1.41,97.7,19735.0
10,Sant Martí,2018,469813,236999,20.3,28.3,17.4,19484.0,1.98,113.1,366150,1.54,1.28,99.3,19621.0
10,Sant Martí,2019,467305,239965,20.3,28.4,19.0,20354.0,1.95,112.5,371029,1.55,1.26,100.0,20354.0
10,Sant Martí,2020,240494,241578,20.3,28.5,20.4,19099.0,1.0,57.9,363360,1.5,0.66,99.7,19156.0
10,Sant Martí,2021,392891,241181,20.3,28.3,21.1,20499.0,1.63,94.6,352831,1.46,1.11,102.8,19941.0
10,Sant Martí,2022,508895,239465,20.5,28.0,21.2,21408.0,2.13,122.5,363394,1.52,1.4,111.4,19217.0
10,Sant Martí,2023,540859,242752,20.4,28.3,22.9,,2.23,130.2,364074,1.5,1.49,,
10,Sant Martí,2024,548878,249206,20.3,28.5,25.0,,2.2,132.2,355368,1.43,1.54,,
